epoch,theta_1,theta_2,theta_norm,train_spoplus_loss,validation_spoplus_loss,train_normalized_spoplus_loss,validation_normalized_spoplus_loss,train_decision_gap,validation_decision_gap,train_normalized_decision_gap,validation_normalized_decision_gap,train_y_adv_oracle_equal_rate,validation_y_adv_oracle_equal_rate,train_y_pred_oracle_equal_rate,validation_y_pred_oracle_equal_rate
0,1.6236203565420875,3.3521429192297485,3.724648334154514,37.6204833984375,41.52915649414062,0.34297815358985734,0.30797560163455134,3.0161802530288697,1.2010001420974732,0.030689078683197313,0.00900922097441201,0.0,0.0,0.2,0.2
1,1.7236203564721575,3.452142919149823,3.858517573820478,34.9393196105957,38.31224670410156,0.3176960982472487,0.28442148693612634,3.0161802530288697,1.2010001420974732,0.030689078683197313,0.00900922097441201,0.0,0.0,0.2,0.2
2,1.8236203564022266,3.552142919069897,3.9929075273267967,32.44627075195312,35.187635803222655,0.2940994490557192,0.26164200259805714,3.0161802530288697,1.2010001420974732,0.030689078683197313,0.00900922097441201,0.0,0.0,0.2,0.2
3,1.9234888324451884,3.6514651053445544,4.127106335447425,30.183059692382812,32.225100708007815,0.2726901908002013,0.2401969714062043,3.0161802530288697,1.2010001420974732,0.030689078683197313,0.00900922097441201,0.0,0.0,0.2,0.2
