epoch,theta_1,theta_2,theta_norm,train_spoplus_loss,validation_spoplus_loss,train_normalized_spoplus_loss,validation_normalized_spoplus_loss,train_decision_gap,validation_decision_gap,train_normalized_decision_gap,validation_normalized_decision_gap,train_y_adv_oracle_equal_rate,validation_y_adv_oracle_equal_rate,train_y_pred_oracle_equal_rate,validation_y_pred_oracle_equal_rate
0,1.6236203565420875,3.3521429192297485,3.724648334154514,37.62048542802252,41.52915521176751,0.34297816118051816,0.3079755981365211,3.0161802530288697,1.2010001420974732,0.030689078683197313,0.00900922097441201,0.0,0.0,0.2,0.2
1,1.7236203564721575,3.452142919149823,3.858517573820478,34.93931670348886,38.312241781026216,0.31769606842309506,0.2844214493818336,3.0161802530288697,1.2010001420974732,0.030689078683197313,0.00900922097441201,0.0,0.0,0.2,0.2
2,1.8236203564022266,3.552142919069897,3.9929075273267967,32.44627172556708,35.18763383026411,0.29409945379393826,0.2616419924079304,3.0161802530288697,1.2010001420974732,0.030689078683197313,0.00900922097441201,0.0,0.0,0.2,0.2
3,1.9234888324451884,3.6514651053445544,4.127106335447425,30.18305911153842,32.22509637773197,0.2726901824952885,0.24019693954876614,3.0161802530288697,1.2010001420974732,0.030689078683197313,0.00900922097441201,0.0,0.0,0.2,0.2
