epoch,theta_1,theta_2,theta_norm,train_spoplus_loss,validation_spoplus_loss,train_normalized_spoplus_loss,validation_normalized_spoplus_loss,train_decision_gap,validation_decision_gap,train_normalized_decision_gap,validation_normalized_decision_gap,train_y_adv_oracle_equal_rate,validation_y_adv_oracle_equal_rate,train_y_pred_oracle_equal_rate,validation_y_pred_oracle_equal_rate
0,1.6236203565420875,3.3521429192297485,3.724648334154514,74.20462646484376,106.99937896728515,0.5169529427144332,0.5738799249896133,7.400080096721649,14.461239852011204,0.05122987469189644,0.07573459782671581,0.0,0.0,0.2,0.0
1,1.7236203564544912,3.452142919108418,3.858517573775542,72.24163055419922,104.8303207397461,0.5018042522372432,0.5622936496847394,7.400080096721649,14.461239852011204,0.05122987469189644,0.07573459782671581,0.0,0.0,0.2,0.0
2,1.8235924317973642,3.552142918987087,3.992894773747328,70.33229370117188,102.73640594482421,0.48703772056302264,0.5511437830582995,7.400080096721649,14.461239852011204,0.05122987469189644,0.07573459782671581,0.0,0.0,0.2,0.0
3,1.9234415294208538,3.6519063066605906,4.127474650404073,68.51216506958008,100.86224060058593,0.4730038286380796,0.5412046838553712,7.400080096721649,14.461239852011204,0.05122987469189644,0.07573459782671581,0.0,0.0,0.2,0.0
