epoch,theta_1,theta_2,theta_norm,train_spoplus_loss,validation_spoplus_loss,train_normalized_spoplus_loss,validation_normalized_spoplus_loss,train_decision_gap,validation_decision_gap,train_normalized_decision_gap,validation_normalized_decision_gap,train_y_adv_oracle_equal_rate,validation_y_adv_oracle_equal_rate,train_y_pred_oracle_equal_rate,validation_y_pred_oracle_equal_rate
0,1.6236203565420875,3.3521429192297485,3.724648334154514,74.20462896542222,106.99937514830977,0.5169529561470477,0.5738799045172622,7.400080096721649,14.461239852011204,0.05122987469189644,0.07573459782671581,0.0,0.0,0.2,0.0
1,1.7236203564544912,3.452142919108418,3.858517573775542,72.24163430911935,104.83031377136976,0.5018042735506499,0.5622936128478491,7.400080096721649,14.461239852011204,0.05122987469189644,0.07573459782671581,0.0,0.0,0.2,0.0
2,1.8235924317973642,3.552142918987087,3.992894773747328,70.33229640742192,102.7364042181088,0.4870377371810678,0.5511437754634704,7.400080096721649,14.461239852011204,0.05122987469189644,0.07573459782671581,0.0,0.0,0.2,0.0
3,1.9234415294208538,3.6519063066605906,4.127474650404073,68.5121662698984,100.86223442611656,0.47300383297904397,0.5412046514722101,7.400080096721649,14.461239852011204,0.05122987469189644,0.07573459782671581,0.0,0.0,0.2,0.0
