method,theta_1,theta_2,theta_norm,train_mse_loss,validation_mse_loss,train_decision_gap,validation_decision_gap,train_normalized_gap,validation_normalized_gap
step1c_lr,10.496237518078582,7.785251696296682,13.068326060005191,14.948403861440912,14.838124912396733,4.979820096492768,15.63438009172678,0.030452538184131163,0.0814550537201242
