{
  "epsilon": 0.01,
  "probe_key": "utility_cpra",
  "feature_names": [
    "utility",
    "recipient_cPRA"
  ],
  "num_graphs": 100,
  "graph_filenames": [
    "G-56.json",
    "G-645.json",
    "G-888.json",
    "G-1025.json",
    "G-1213.json",
    "G-1274.json",
    "G-1526.json",
    "G-1644.json",
    "G-1894.json",
    "G-387.json",
    "G-497.json",
    "G-690.json",
    "G-955.json",
    "G-1100.json",
    "G-1423.json",
    "G-1443.json",
    "G-1468.json",
    "G-1957.json",
    "G-472.json",
    "G-928.json",
    "G-943.json",
    "G-1515.json",
    "G-1539.json",
    "G-1910.json",
    "G-1944.json",
    "G-921.json",
    "G-958.json",
    "G-979.json",
    "G-1024.json",
    "G-1372.json",
    "G-1597.json",
    "G-1611.json",
    "G-1895.json",
    "G-1930.json",
    "G-551.json",
    "G-643.json",
    "G-810.json",
    "G-134.json",
    "G-1956.json",
    "G-216.json",
    "G-586.json",
    "G-102.json",
    "G-1140.json",
    "G-1266.json",
    "G-1730.json",
    "G-539.json",
    "G-813.json",
    "G-1.json",
    "G-1094.json",
    "G-1250.json",
    "G-1378.json",
    "G-1490.json",
    "G-1606.json",
    "G-1698.json",
    "G-1902.json",
    "G-545.json",
    "G-1138.json",
    "G-1244.json",
    "G-1617.json",
    "G-1733.json",
    "G-1832.json",
    "G-1859.json",
    "G-1971.json",
    "G-36.json",
    "G-39.json",
    "G-443.json",
    "G-607.json",
    "G-853.json",
    "G-977.json",
    "G-1016.json",
    "G-1275.json",
    "G-1325.json",
    "G-1363.json",
    "G-1376.json",
    "G-1531.json",
    "G-157.json",
    "G-1782.json",
    "G-1836.json",
    "G-192.json",
    "G-1962.json",
    "G-315.json",
    "G-733.json",
    "G-1176.json",
    "G-1295.json",
    "G-1374.json",
    "G-1795.json",
    "G-40.json",
    "G-471.json",
    "G-552.json",
    "G-567.json",
    "G-60.json",
    "G-613.json",
    "G-678.json",
    "G-829.json",
    "G-993.json",
    "G-1053.json",
    "G-1720.json",
    "G-1938.json",
    "G-246.json",
    "G-310.json"
  ],
  "grid_size": 25,
  "fy_M": 8,
  "margin": 0.5,
  "theta_mse": [
    13.531548500061035,
    3.9846532344818115
  ],
  "theta_oracle": [
    18.233558654785156,
    11.037671089172363
  ],
  "theta_fy": [
    6.478530406951904,
    1.6336472034454346
  ],
  "R_mse": 9.735058784484863,
  "R_oracle": 7.950033187866211,
  "R_fy": 9.685924530029297,
  "delta_R_mse": 1.7850255966186523,
  "delta_R_fy": 1.735891342163086,
  "FY_mse": 8.270956039428711,
  "FY_oracle": 12.871140480041504,
  "FY_fy": 3.9432666301727295,
  "R_min_grid": 7.950033187866211,
  "R_max_grid": 33.324440002441406,
  "FY_min_grid": 3.9432666301727295,
  "FY_max_grid": 16.38467025756836
}