{
  "epsilon": 0.2,
  "probe_key": "utility_intercept",
  "feature_names": [
    "utility",
    "intercept"
  ],
  "num_graphs": 100,
  "graph_filenames": [
    "G-56.json",
    "G-645.json",
    "G-888.json",
    "G-1025.json",
    "G-1213.json",
    "G-1274.json",
    "G-1526.json",
    "G-1644.json",
    "G-1894.json",
    "G-387.json",
    "G-497.json",
    "G-690.json",
    "G-955.json",
    "G-1100.json",
    "G-1423.json",
    "G-1443.json",
    "G-1468.json",
    "G-1957.json",
    "G-472.json",
    "G-928.json",
    "G-943.json",
    "G-1515.json",
    "G-1539.json",
    "G-1910.json",
    "G-1944.json",
    "G-921.json",
    "G-958.json",
    "G-979.json",
    "G-1024.json",
    "G-1372.json",
    "G-1597.json",
    "G-1611.json",
    "G-1895.json",
    "G-1930.json",
    "G-551.json",
    "G-643.json",
    "G-810.json",
    "G-134.json",
    "G-1956.json",
    "G-216.json",
    "G-586.json",
    "G-102.json",
    "G-1140.json",
    "G-1266.json",
    "G-1730.json",
    "G-539.json",
    "G-813.json",
    "G-1.json",
    "G-1094.json",
    "G-1250.json",
    "G-1378.json",
    "G-1490.json",
    "G-1606.json",
    "G-1698.json",
    "G-1902.json",
    "G-545.json",
    "G-1138.json",
    "G-1244.json",
    "G-1617.json",
    "G-1733.json",
    "G-1832.json",
    "G-1859.json",
    "G-1971.json",
    "G-36.json",
    "G-39.json",
    "G-443.json",
    "G-607.json",
    "G-853.json",
    "G-977.json",
    "G-1016.json",
    "G-1275.json",
    "G-1325.json",
    "G-1363.json",
    "G-1376.json",
    "G-1531.json",
    "G-157.json",
    "G-1782.json",
    "G-1836.json",
    "G-192.json",
    "G-1962.json",
    "G-315.json",
    "G-733.json",
    "G-1176.json",
    "G-1295.json",
    "G-1374.json",
    "G-1795.json",
    "G-40.json",
    "G-471.json",
    "G-552.json",
    "G-567.json",
    "G-60.json",
    "G-613.json",
    "G-678.json",
    "G-829.json",
    "G-993.json",
    "G-1053.json",
    "G-1720.json",
    "G-1938.json",
    "G-246.json",
    "G-310.json"
  ],
  "grid_size": 25,
  "fy_M": 8,
  "margin": 0.5,
  "theta_mse": [
    4.021740436553955,
    7.04395866394043
  ],
  "theta_oracle": [
    2.331904888153076,
    3.6642873287200928
  ],
  "theta_fy": [
    0.6420692801475525,
    2.9883532524108887
  ],
  "R_mse": 6.130078315734863,
  "R_oracle": 6.063745021820068,
  "R_fy": 6.262658596038818,
  "delta_R_mse": 0.06633329391479492,
  "delta_R_fy": 0.19891357421875,
  "FY_mse": 3.363178014755249,
  "FY_oracle": 1.9193806648254395,
  "FY_fy": 1.3123887777328491,
  "R_min_grid": 6.063745021820068,
  "R_max_grid": 13.412235260009766,
  "FY_min_grid": 1.3123887777328491,
  "FY_max_grid": 5.926016807556152
}