epoch,theta_1,theta_2,theta_norm,train_spoplus_loss,validation_spoplus_loss,train_normalized_spoplus_loss,validation_normalized_spoplus_loss,train_decision_gap,validation_decision_gap,train_normalized_decision_gap,validation_normalized_decision_gap,train_y_adv_oracle_equal_rate,validation_y_adv_oracle_equal_rate,train_y_pred_oracle_equal_rate,validation_y_pred_oracle_equal_rate
0,1.6236203565420875,3.3521429192297485,3.724648334154514,41.09751434326172,47.305598449707034,0.36349032019762106,0.3402219556340496,3.097740042209625,1.277739953994751,0.03035652273917681,0.008686171249489037,0.0,0.0,0.2,0.2
1,1.7236203564718233,3.4521429191484994,3.8585175738191446,38.479224395751956,44.21412811279297,0.33931100676058307,0.3183295071090629,3.097740042209625,1.277739953994751,0.03035652273917681,0.008686171249489037,0.0,0.0,0.2,0.2
2,1.8236021421354556,3.552067722125028,3.992832312452341,36.0292610168457,41.22357025146484,0.31667483003591723,0.2972582631485393,3.097740042209625,1.277739953994751,0.03035652273917681,0.008686171249489037,0.0,0.0,0.2,0.2
3,1.9233932953033404,3.6509613003723014,4.126616069521618,33.72940216064453,38.34263458251953,0.29549415525630746,0.27704139632768104,3.097740042209625,1.277739953994751,0.03035652273917681,0.008686171249489037,0.0,0.0,0.2,0.2
