epoch,theta_1,theta_2,theta_norm,train_spoplus_loss,validation_spoplus_loss,train_normalized_spoplus_loss,validation_normalized_spoplus_loss,train_decision_gap,validation_decision_gap,train_normalized_decision_gap,validation_normalized_decision_gap,train_y_adv_oracle_equal_rate,validation_y_adv_oracle_equal_rate,train_y_pred_oracle_equal_rate,validation_y_pred_oracle_equal_rate
0,1.6236203565420875,3.3521429192297485,3.724648334154514,41.09751495366483,47.30560163082288,0.36349031622203964,0.34022198344744653,3.097740042209625,1.277739953994751,0.03035652273917681,0.008686171249489037,0.0,0.0,0.2,0.2
1,1.7236203564718233,3.4521429191484994,3.8585175738191446,38.47922309528281,44.214129890411094,0.33931099048095936,0.3183295183827607,3.097740042209625,1.277739953994751,0.03035652273917681,0.008686171249489037,0.0,0.0,0.2,0.2
2,1.8236021421354556,3.552067722125028,3.992832312452341,36.02925939755487,41.223570532050516,0.31667481323389735,0.29725826586736187,3.097740042209625,1.277739953994751,0.03035652273917681,0.008686171249489037,0.0,0.0,0.2,0.2
3,1.9233932953033404,3.6509613003723014,4.126616069521618,33.729400469476445,38.34263609606228,0.2954941362232627,0.2770414087405402,3.097740042209625,1.277739953994751,0.03035652273917681,0.008686171249489037,0.0,0.0,0.2,0.2
