{
  "epsilon": 0.2,
  "probe_key": "utility_cpra",
  "feature_names": [
    "utility",
    "recipient_cPRA"
  ],
  "num_graphs": 20,
  "graph_filenames": [
    "G-586.json",
    "G-102.json",
    "G-1140.json",
    "G-1266.json",
    "G-1730.json",
    "G-539.json",
    "G-813.json",
    "G-1.json",
    "G-1094.json",
    "G-1250.json",
    "G-1378.json",
    "G-1490.json",
    "G-1606.json",
    "G-1698.json",
    "G-1902.json",
    "G-545.json",
    "G-1138.json",
    "G-1244.json",
    "G-1617.json",
    "G-1733.json"
  ],
  "grid_size": 25,
  "fy_M": 8,
  "margin": 0.5,
  "theta_mse": [
    9.999998092651367,
    4.999998092651367
  ],
  "theta_oracle": [
    4.409829616546631,
    2.20491361618042
  ],
  "theta_fy": [
    15.590166091918945,
    7.795081615447998
  ],
  "R_mse": 0.0,
  "R_oracle": 0.0,
  "R_fy": 0.0,
  "delta_R_mse": 0.0,
  "delta_R_fy": 0.0,
  "FY_mse": 0.28738945722579956,
  "FY_oracle": 0.7515076398849487,
  "FY_fy": 0.1531573235988617,
  "R_min_grid": 0.0,
  "R_max_grid": 3.5505306720733643,
  "FY_min_grid": 0.1531573235988617,
  "FY_max_grid": 3.842010498046875
}