epoch,theta_1,theta_2,theta_norm,train_spoplus_loss,validation_spoplus_loss,train_normalized_spoplus_loss,validation_normalized_spoplus_loss,train_decision_gap,validation_decision_gap,train_normalized_decision_gap,validation_normalized_decision_gap,train_y_adv_oracle_equal_rate,validation_y_adv_oracle_equal_rate,train_y_pred_oracle_equal_rate,validation_y_pred_oracle_equal_rate
0,1.6236203565420875,3.3521429192297485,3.724648334154514,50.250684356689455,59.79327545166016,0.41127347853673024,0.39645620706357987,3.6543002128601074,2.625160074234009,0.032180843530227,0.016343214255259364,0.0,0.0,0.2,0.4
1,1.723620356470372,3.4521429191454094,3.858517573815732,47.757145690917966,56.81108093261719,0.38953496024344436,0.37679393919680015,3.6543002128601074,2.625160074234009,0.032180843530227,0.016343214255259364,0.0,0.0,0.2,0.4
2,1.8234737635769354,3.5515632777949113,3.9923249219765125,45.53304214477539,54.052687072753905,0.37025825793298783,0.3588111419376562,3.6543002128601074,2.625160074234009,0.032180843530227,0.016343214255259364,0.0,0.0,0.2,0.4
3,1.923184150588274,3.6501742142051445,4.125822229704291,43.444985961914064,51.354426574707034,0.35193656940780815,0.3412612165631525,3.6543002128601074,2.625160074234009,0.032180843530227,0.016343214255259364,0.0,0.0,0.2,0.4
