epoch,theta_1,theta_2,theta_norm,train_spoplus_loss,validation_spoplus_loss,train_normalized_spoplus_loss,validation_normalized_spoplus_loss,train_decision_gap,validation_decision_gap,train_normalized_decision_gap,validation_normalized_decision_gap,train_y_adv_oracle_equal_rate,validation_y_adv_oracle_equal_rate,train_y_pred_oracle_equal_rate,validation_y_pred_oracle_equal_rate
0,1.6236203565420875,3.3521429192297485,3.724648334154514,50.25068720992489,59.79327247876465,0.4112735023278208,0.39645619359747125,3.6543002128601074,2.625160074234009,0.032180843530227,0.016343214255259364,0.0,0.0,0.2,0.4
1,1.723620356470372,3.4521429191454094,3.858517573815732,47.75714976096765,56.811076615637226,0.3895349955298847,0.3767939112336583,3.6543002128601074,2.625160074234009,0.032180843530227,0.016343214255259364,0.0,0.0,0.2,0.4
2,1.8234737635769354,3.5515632777949113,3.9923249219765125,45.533043440782215,54.052687194298144,0.37025826467127604,0.35881114534263575,3.6543002128601074,2.625160074234009,0.032180843530227,0.016343214255259364,0.0,0.0,0.2,0.4
3,1.923184150588274,3.6501742142051445,4.125822229704291,43.444983490762944,51.35442584844701,0.35193654718414386,0.341261215906249,3.6543002128601074,2.625160074234009,0.032180843530227,0.016343214255259364,0.0,0.0,0.2,0.4
