variant,spoplus_iterations,batch_size,learning_rate,lambda_grid_length,lambda_grid,spoplus_iterate,spoplus_init,output_dir
baseline-current,1000,32,0.05,10,1e-06 4.641588833612782e-06 2.154434690031882e-05 0.0001 0.0004641588833612777 0.002154434690031882 0.01 0.04641588833612773 0.2154434690031882 1,raw,ls,surrogate_experiment_results/SPO_validation/paper_shortest_path/results/protocol_sweep_20260529_163730/baseline-current
smaller-batch,3000,10,0.01,10,1e-06 4.641588833612782e-06 2.154434690031882e-05 0.0001 0.0004641588833612777 0.002154434690031882 0.01 0.04641588833612773 0.2154434690031882 1,raw,ls,surrogate_experiment_results/SPO_validation/paper_shortest_path/results/protocol_sweep_20260529_163730/smaller-batch
no-l1,1000,32,0.05,1,0,raw,ls,surrogate_experiment_results/SPO_validation/paper_shortest_path/results/protocol_sweep_20260529_163730/no-l1
averaged-iterate,1000,32,0.05,10,1e-06 4.641588833612782e-06 2.154434690031882e-05 0.0001 0.0004641588833612777 0.002154434690031882 0.01 0.04641588833612773 0.2154434690031882 1,averaged,ls,surrogate_experiment_results/SPO_validation/paper_shortest_path/results/protocol_sweep_20260529_163730/averaged-iterate
zero-init-diagnostic,1000,32,0.05,10,1e-06 4.641588833612782e-06 2.154434690031882e-05 0.0001 0.0004641588833612777 0.002154434690031882 0.01 0.04641588833612773 0.2154434690031882 1,raw,zero,surrogate_experiment_results/SPO_validation/paper_shortest_path/results/protocol_sweep_20260529_163730/zero-init-diagnostic
