epoch,theta_1,theta_2,theta_norm,train_spoplus_loss,validation_spoplus_loss,train_normalized_spoplus_loss,validation_normalized_spoplus_loss,train_decision_gap,validation_decision_gap,train_y_adv_oracle_equal_rate,validation_y_adv_oracle_equal_rate,train_y_pred_oracle_equal_rate,validation_y_pred_oracle_equal_rate
0,1.6236203565420875,3.3521429192297485,3.724648334154514,40.46223602294922,53.33625183105469,0.3613971755625173,0.3889941816889434,3.5067999839782713,6.646180367469787,0.0,0.0,0.2,0.0
1,1.6736203565061782,3.4021429191863133,3.79151441251137,39.23835220336914,51.79725036621094,0.35005841926415543,0.3777807233640574,3.5067999839782713,6.646180367469787,0.0,0.0,0.2,0.0
2,1.7235795156399147,3.4518513763491403,3.8582384932941842,38.06226806640625,50.26260986328125,0.33915583331313454,0.3665989820582522,3.5067999839782713,6.646180367469787,0.0,0.0,0.2,0.0
3,1.7735278262677943,3.5015079585697118,3.925042539192817,36.88685989379883,48.7288101196289,0.3282595948547936,0.3554233675283831,3.5067999839782713,6.646180367469787,0.0,0.0,0.2,0.0
