epoch,theta_1,theta_2,theta_norm,train_spoplus_loss,validation_spoplus_loss,train_normalized_spoplus_loss,validation_normalized_spoplus_loss,train_decision_gap,validation_decision_gap,train_y_adv_oracle_equal_rate,validation_y_adv_oracle_equal_rate,train_y_pred_oracle_equal_rate,validation_y_pred_oracle_equal_rate
0,1.6236203565420875,3.3521429192297485,3.724648334154514,40.46223932041672,53.33624959867059,0.3613972031137145,0.38899416569902395,3.5067999839782713,6.646180367469787,0.0,0.0,0.2,0.0
1,1.6736203565061782,3.4021429191863133,3.79151441251137,39.23835041615473,51.797251737492616,0.35005840056851756,0.3777807296985084,3.5067999839782713,6.646180367469787,0.0,0.0,0.2,0.0
2,1.7235795156399147,3.4518513763491403,3.8582384932941842,38.06227092508482,50.26260962088081,0.33915585161808753,0.36659898273072483,3.5067999839782713,6.646180367469787,0.0,0.0,0.2,0.0
3,1.7735278262677943,3.5015079585697118,3.925042539192817,36.886859566009456,48.728808505816104,0.32825959056180265,0.3554233556463643,3.5067999839782713,6.646180367469787,0.0,0.0,0.2,0.0
